ticker,company_name,cik,gics_sector,gics_sub_industry,ir_url,active
A,Agilent Technologies,0001090872,Health Care,Life Sciences Tools & Services,,true
AAPL,Apple Inc.,0000320193,Information Technology,"Technology Hardware, Storage & Peripherals",,true
ABBV,AbbVie,0001551152,Health Care,Biotechnology,,true
ABNB,Airbnb,0001559720,Consumer Discretionary,"Hotels, Resorts & Cruise Lines",,true
ABT,Abbott Laboratories,0000001800,Health Care,Health Care Equipment,,true
ACGL,Arch Capital Group,0000947484,Financials,Property & Casualty Insurance,,true
ACN,Accenture,0001467373,Information Technology,IT Consulting & Other Services,,true
ADBE,Adobe Inc.,0000796343,Information Technology,Application Software,,true
ADI,Analog Devices,0000006281,Information Technology,Semiconductors,,true
ADM,Archer Daniels Midland,0000007084,Consumer Staples,Agricultural Products & Services,,true
ADP,Automatic Data Processing,0000008670,Industrials,Human Resource & Employment Services,,true
ADSK,Autodesk,0000769397,Information Technology,Application Software,,true
AEE,Ameren,0001002910,Utilities,Multi-Utilities,,true
AEP,American Electric Power,0000004904,Utilities,Electric Utilities,,true
AES,AES Corporation,0000874761,Utilities,Independent Power Producers & Energy Traders,,true
AFL,Aflac,0000004977,Financials,Life & Health Insurance,,true
AIG,American International Group,0000005272,Financials,Multi-line Insurance,,true
AIZ,Assurant,0001267238,Financials,Multi-line Insurance,,true
AJG,Arthur J. Gallagher & Co.,0000354190,Financials,Insurance Brokers,,true
AKAM,Akamai Technologies,0001086222,Information Technology,Internet Services & Infrastructure,,true
ALB,Albemarle Corporation,0000915913,Materials,Specialty Chemicals,,true
ALGN,Align Technology,0001097149,Health Care,Health Care Supplies,,true
ALL,Allstate,0000899051,Financials,Property & Casualty Insurance,,true
ALLE,Allegion,0001579241,Industrials,Building Products,,true
AMAT,Applied Materials,0000006951,Information Technology,Semiconductor Materials & Equipment,,true
AMCR,Amcor,0001748790,Materials,Paper & Plastic Packaging Products & Materials,,true
AMD,Advanced Micro Devices,0000002488,Information Technology,Semiconductors,,true
AME,Ametek,0001037868,Industrials,Electrical Components & Equipment,,true
AMGN,Amgen,0000318154,Health Care,Biotechnology,,true
AMP,Ameriprise Financial,0000820027,Financials,Asset Management & Custody Banks,,true
AMT,American Tower,0001053507,Real Estate,Telecom Tower REITs,,true
AMZN,Amazon,0001018724,Consumer Discretionary,Broadline Retail,,true
ANET,Arista Networks,0001596532,Information Technology,Communications Equipment,,true
AON,Aon plc,0000315293,Financials,Insurance Brokers,,true
AOS,A. O. Smith,0000091142,Industrials,Building Products,,true
APA,APA Corporation,0001841666,Energy,Oil & Gas Exploration & Production,,true
APD,Air Products,0000002969,Materials,Industrial Gases,,true
APH,Amphenol,0000820313,Information Technology,Electronic Components,,true
APO,Apollo Global Management,0001858681,Financials,Asset Management & Custody Banks,,true
APP,AppLovin,0001751008,Communication Services,Advertising,,true
APTV,Aptiv,0001521332,Consumer Discretionary,Automotive Parts & Equipment,,true
ARE,Alexandria Real Estate Equities,0001035443,Real Estate,Office REITs,,true
ARES,Ares Management,0001176948,Financials,Asset Management & Custody Banks,,true
ATO,Atmos Energy,0000731802,Utilities,Gas Utilities,,true
AVGO,Broadcom,0001730168,Information Technology,Semiconductors,,true
AVY,Avery Dennison,0000008818,Materials,Paper & Plastic Packaging Products & Materials,,true
AWK,American Water Works,0001410636,Utilities,Water Utilities,,true
AXON,Axon Enterprise,0001069183,Industrials,Aerospace & Defense,,true
AXP,American Express,0000004962,Financials,Consumer Finance,,true
AZO,AutoZone,0000866787,Consumer Discretionary,Automotive Retail,,true
BA,Boeing,0000012927,Industrials,Aerospace & Defense,,true
BAC,Bank of America,0000070858,Financials,Diversified Banks,,true
BALL,Ball Corporation,0000009389,Materials,"Metal, Glass & Plastic Containers",,true
BAX,Baxter International,0000010456,Health Care,Health Care Equipment,,true
BBY,Best Buy,0000764478,Consumer Discretionary,Computer & Electronics Retail,,true
BDX,Becton Dickinson,0000010795,Health Care,Health Care Equipment,,true
BEN,Franklin Resources,0000038777,Financials,Asset Management & Custody Banks,,true
BF-B,Brown–Forman,0000014693,Consumer Staples,Distillers & Vintners,,true
BG,Bunge Global,0001996862,Consumer Staples,Agricultural Products & Services,,true
BIIB,Biogen,0000875045,Health Care,Biotechnology,,true
BKNG,Booking Holdings,0001075531,Consumer Discretionary,"Hotels, Resorts & Cruise Lines",,true
BKR,Baker Hughes,0001701605,Energy,Oil & Gas Equipment & Services,,true
BLDR,Builders FirstSource,0001316835,Industrials,Building Products,,true
BLK,BlackRock,0002012383,Financials,Asset Management & Custody Banks,,true
BMY,Bristol Myers Squibb,0000014272,Health Care,Pharmaceuticals,,true
BNY,BNY Mellon,0001390777,Financials,Asset Management & Custody Banks,,true
BR,Broadridge Financial Solutions,0001383312,Industrials,Data Processing & Outsourced Services,,true
BRK-B,Berkshire Hathaway,0001067983,Financials,Multi-Sector Holdings,,true
BRO,Brown & Brown,0000079282,Financials,Insurance Brokers,,true
BSX,Boston Scientific,0000885725,Health Care,Health Care Equipment,,true
BX,Blackstone Inc.,0001393818,Financials,Asset Management & Custody Banks,,true
BXP,"BXP, Inc.",0001037540,Real Estate,Office REITs,,true
C,Citigroup,0000831001,Financials,Diversified Banks,,true
CAH,Cardinal Health,0000721371,Health Care,Health Care Distributors,,true
CARR,Carrier Global,0001783180,Industrials,Building Products,,true
CASY,Casey's,0000726958,Consumer Staples,Food Retail,,true
CAT,Caterpillar Inc.,0000018230,Industrials,Construction Machinery & Heavy Transportation Equipment,,true
CB,Chubb Limited,0000896159,Financials,Property & Casualty Insurance,,true
CBOE,Cboe Global Markets,0001374310,Financials,Financial Exchanges & Data,,true
CBRE,CBRE Group,0001138118,Real Estate,Real Estate Services,,true
CCI,Crown Castle,0001051470,Real Estate,Telecom Tower REITs,,true
CCL,Carnival Corporation,0000815097,Consumer Discretionary,"Hotels, Resorts & Cruise Lines",,true
CDNS,Cadence Design Systems,0000813672,Information Technology,Application Software,,true
CDW,CDW Corporation,0001402057,Information Technology,Technology Distributors,,true
CEG,Constellation Energy,0001868275,Utilities,Electric Utilities,,true
CF,CF Industries,0001324404,Materials,Fertilizers & Agricultural Chemicals,,true
CFG,Citizens Financial Group,0000759944,Financials,Regional Banks,,true
CHD,Church & Dwight,0000313927,Consumer Staples,Household Products,,true
CHRW,C.H. Robinson,0001043277,Industrials,Air Freight & Logistics,,true
CHTR,Charter Communications,0001091667,Communication Services,Cable & Satellite,,true
CI,Cigna,0001739940,Health Care,Health Care Services,,true
CIEN,Ciena,0000936395,Information Technology,Communications Equipment,,true
CINF,Cincinnati Financial,0000020286,Financials,Property & Casualty Insurance,,true
CL,Colgate-Palmolive,0000021665,Consumer Staples,Household Products,,true
CLX,Clorox,0000021076,Consumer Staples,Household Products,,true
CMCSA,Comcast,0001166691,Communication Services,Cable & Satellite,,true
CME,CME Group,0001156375,Financials,Financial Exchanges & Data,,true
CMG,Chipotle Mexican Grill,0001058090,Consumer Discretionary,Restaurants,,true
CMI,Cummins,0000026172,Industrials,Construction Machinery & Heavy Transportation Equipment,,true
CMS,CMS Energy,0000811156,Utilities,Multi-Utilities,,true
CNC,Centene Corporation,0001071739,Health Care,Managed Health Care,,true
CNP,CenterPoint Energy,0001130310,Utilities,Multi-Utilities,,true
COF,Capital One,0000927628,Financials,Consumer Finance,,true
COHR,Coherent Corp.,0000820318,Information Technology,Electronic Components,,true
COIN,Coinbase,0001679788,Financials,Financial Exchanges & Data,,true
COO,Cooper Companies (The),0000711404,Health Care,Health Care Supplies,,true
COP,ConocoPhillips,0001163165,Energy,Oil & Gas Exploration & Production,,true
COR,Cencora,0001140859,Health Care,Health Care Distributors,,true
COST,Costco,0000909832,Consumer Staples,Consumer Staples Merchandise Retail,,true
CPAY,Corpay,0001175454,Financials,Transaction & Payment Processing Services,,true
CPRT,Copart,0000900075,Industrials,Diversified Support Services,,true
CPT,Camden Property Trust,0000906345,Real Estate,Multi-Family Residential REITs,,true
CRH,CRH plc,0000849395,Materials,Construction Materials,,true
CRL,Charles River Laboratories,0001100682,Health Care,Life Sciences Tools & Services,,true
CRM,Salesforce,0001108524,Information Technology,Application Software,,true
CRWD,CrowdStrike,0001535527,Information Technology,Systems Software,,true
CSCO,Cisco,0000858877,Information Technology,Communications Equipment,,true
CSGP,CoStar Group,0001057352,Real Estate,Real Estate Services,,true
CSX,CSX Corporation,0000277948,Industrials,Rail Transportation,,true
CTAS,Cintas,0000723254,Industrials,Diversified Support Services,,true
CTSH,Cognizant,0001058290,Information Technology,IT Consulting & Other Services,,true
CTVA,Corteva,0001755672,Materials,Fertilizers & Agricultural Chemicals,,true
CVNA,Carvana,0001690820,Consumer Discretionary,Automotive Retail,,true
CVS,CVS Health,0000064803,Health Care,Health Care Services,,true
CVX,Chevron Corporation,0000093410,Energy,Integrated Oil & Gas,,true
D,Dominion Energy,0000715957,Utilities,Multi-Utilities,,true
DAL,Delta Air Lines,0000027904,Industrials,Passenger Airlines,,true
DASH,DoorDash,0001792789,Consumer Discretionary,Specialized Consumer Services,,true
DD,DuPont,0001666700,Industrials,Industrial Conglomerates,,true
DDOG,Datadog,0001561550,Information Technology,Application Software,,true
DE,Deere & Company,0000315189,Industrials,Agricultural & Farm Machinery,,true
DECK,Deckers Brands,0000910521,Consumer Discretionary,Footwear,,true
DELL,Dell Technologies,0001571996,Information Technology,"Technology Hardware, Storage & Peripherals",,true
DG,Dollar General,0000029534,Consumer Staples,Consumer Staples Merchandise Retail,,true
DGX,Quest Diagnostics,0001022079,Health Care,Health Care Services,,true
DHI,D. R. Horton,0000882184,Consumer Discretionary,Homebuilding,,true
DHR,Danaher Corporation,0000313616,Health Care,Life Sciences Tools & Services,,true
DIS,Walt Disney Company (The),0001744489,Communication Services,Movies & Entertainment,,true
DLR,Digital Realty,0001297996,Real Estate,Data Center REITs,,true
DLTR,Dollar Tree,0000935703,Consumer Staples,Consumer Staples Merchandise Retail,,true
DOC,Healthpeak Properties,0000765880,Real Estate,Health Care REITs,,true
DOV,Dover Corporation,0000029905,Industrials,Industrial Machinery & Supplies & Components,,true
DOW,Dow Inc.,0001751788,Materials,Commodity Chemicals,,true
DPZ,Domino's,0001286681,Consumer Discretionary,Restaurants,,true
DRI,Darden Restaurants,0000940944,Consumer Discretionary,Restaurants,,true
DTE,DTE Energy,0000936340,Utilities,Multi-Utilities,,true
DUK,Duke Energy,0001326160,Utilities,Electric Utilities,,true
DVA,DaVita,0000927066,Health Care,Health Care Services,,true
DVN,Devon Energy,0001090012,Energy,Oil & Gas Exploration & Production,,true
DXCM,Dexcom,0001093557,Health Care,Health Care Equipment,,true
EBAY,eBay Inc.,0001065088,Consumer Discretionary,Broadline Retail,,true
ECHO,EchoStar,0001415404,Communication Services,Wireless Telecommunication Services,,true
ECL,Ecolab,0000031462,Materials,Specialty Chemicals,,true
ED,Consolidated Edison,0001047862,Utilities,Multi-Utilities,,true
EFX,Equifax,0000033185,Industrials,Research & Consulting Services,,true
EG,Everest Group,0001095073,Financials,Reinsurance,,true
EIX,Edison International,0000827052,Utilities,Electric Utilities,,true
EL,Estée Lauder Companies (The),0001001250,Consumer Staples,Personal Care Products,,true
ELV,Elevance Health,0001156039,Health Care,Managed Health Care,,true
EME,Emcor,0000105634,Industrials,Construction & Engineering,,true
EMR,Emerson Electric,0000032604,Industrials,Electrical Components & Equipment,,true
EOG,EOG Resources,0000821189,Energy,Oil & Gas Exploration & Production,,true
EQIX,Equinix,0001101239,Real Estate,Data Center REITs,,true
EQT,EQT Corporation,0000033213,Energy,Oil & Gas Exploration & Production,,true
ERIE,Erie Indemnity,0000922621,Financials,Insurance Brokers,,true
ES,Eversource Energy,0000072741,Utilities,Electric Utilities,,true
ESS,Essex Property Trust,0000920522,Real Estate,Multi-Family Residential REITs,,true
ETN,Eaton Corporation,0001551182,Industrials,Electrical Components & Equipment,,true
ETR,Entergy,0000065984,Utilities,Electric Utilities,,true
EVRG,Evergy,0001711269,Utilities,Electric Utilities,,true
EW,Edwards Lifesciences,0001099800,Health Care,Health Care Equipment,,true
EXC,Exelon,0001109357,Utilities,Electric Utilities,,true
EXE,Expand Energy,0000895126,Energy,Oil & Gas Exploration & Production,,true
EXPD,Expeditors International,0000746515,Industrials,Air Freight & Logistics,,true
EXPE,Expedia Group,0001324424,Consumer Discretionary,"Hotels, Resorts & Cruise Lines",,true
EXR,Extra Space Storage,0001289490,Real Estate,Self-Storage REITs,,true
F,Ford Motor Company,0000037996,Consumer Discretionary,Automobile Manufacturers,,true
FANG,Diamondback Energy,0001539838,Energy,Oil & Gas Exploration & Production,,true
FAST,Fastenal,0000815556,Industrials,Trading Companies & Distributors,,true
FCX,Freeport-McMoRan,0000831259,Materials,Copper,,true
FDS,FactSet,0001013237,Financials,Financial Exchanges & Data,,true
FDX,FedEx,0001048911,Industrials,Air Freight & Logistics,,true
FDXF,FedEx Freight,0002082247,Industrials,Cargo Ground Transportation,,true
FE,FirstEnergy,0001031296,Utilities,Electric Utilities,,true
FERG,Ferguson Enterprises,0002011641,Industrials,Building Products,,true
FFIV,"F5, Inc.",0001048695,Information Technology,Communications Equipment,,true
FICO,Fair Isaac,0000814547,Information Technology,Application Software,,true
FIS,Fidelity National Information Services,0001136893,Financials,Transaction & Payment Processing Services,,true
FISV,Fiserv,0000798354,Financials,Transaction & Payment Processing Services,,true
FITB,Fifth Third Bancorp,0000035527,Financials,Regional Banks,,true
FIX,Comfort Systems USA,0001035983,Industrials,Construction & Engineering,,true
FLEX,Flex Ltd.,0000866374,Information Technology,Electronic Manufacturing Services,,true
FOX,Fox Corporation (Class B),0001754301,Communication Services,Broadcasting,,true
FOXA,Fox Corporation (Class A),0001754301,Communication Services,Broadcasting,,true
FRT,Federal Realty Investment Trust,0000034903,Real Estate,Retail REITs,,true
FSLR,First Solar,0001274494,Information Technology,Semiconductors,,true
FTNT,Fortinet,0001262039,Information Technology,Systems Software,,true
FTV,Fortive,0001659166,Industrials,Industrial Machinery & Supplies & Components,,true
GD,General Dynamics,0000040533,Industrials,Aerospace & Defense,,true
GDDY,GoDaddy,0001609711,Information Technology,Internet Services & Infrastructure,,true
GE,GE Aerospace,0000040545,Industrials,Aerospace & Defense,,true
GEHC,GE HealthCare,0001932393,Health Care,Health Care Equipment,,true
GEN,Gen Digital,0000849399,Information Technology,Systems Software,,true
GEV,GE Vernova,0001996810,Industrials,Heavy Electrical Equipment,,true
GILD,Gilead Sciences,0000882095,Health Care,Biotechnology,,true
GIS,General Mills,0000040704,Consumer Staples,Packaged Foods & Meats,,true
GL,Globe Life,0000320335,Financials,Life & Health Insurance,,true
GLW,Corning Inc.,0000024741,Information Technology,Electronic Components,,true
GM,General Motors,0001467858,Consumer Discretionary,Automobile Manufacturers,,true
GNRC,Generac,0001474735,Industrials,Heavy Electrical Equipment,,true
GOOG,Alphabet Inc. (Class C),0001652044,Communication Services,Interactive Media & Services,,true
GOOGL,Alphabet Inc. (Class A),0001652044,Communication Services,Interactive Media & Services,,true
GPC,Genuine Parts Company,0000040987,Consumer Discretionary,Distributors,,true
GPN,Global Payments,0001123360,Financials,Transaction & Payment Processing Services,,true
GRMN,Garmin,0001121788,Consumer Discretionary,Consumer Electronics,,true
GS,Goldman Sachs,0000886982,Financials,Investment Banking & Brokerage,,true
GWW,W. W. Grainger,0000277135,Industrials,Industrial Machinery & Supplies & Components,,true
HAL,Halliburton,0000045012,Energy,Oil & Gas Equipment & Services,,true
HAS,Hasbro,0000046080,Consumer Discretionary,Leisure Products,,true
HBAN,Huntington Bancshares,0000049196,Financials,Regional Banks,,true
HCA,HCA Healthcare,0000860730,Health Care,Health Care Facilities,,true
HD,Home Depot (The),0000354950,Consumer Discretionary,Home Improvement Retail,,true
HIG,Hartford (The),0000874766,Financials,Property & Casualty Insurance,,true
HII,Huntington Ingalls Industries,0001501585,Industrials,Aerospace & Defense,,true
HLT,Hilton Worldwide,0001585689,Consumer Discretionary,"Hotels, Resorts & Cruise Lines",,true
HON,Honeywell Technologies,0000773840,Industrials,Industrial Conglomerates,,true
HONA,Honeywell Aerospace,0002089271,Industrials,Aerospace & Defense,,true
HOOD,Robinhood Markets,0001783879,Financials,Investment Banking & Brokerage,,true
HPE,Hewlett Packard Enterprise,0001645590,Information Technology,"Technology Hardware, Storage & Peripherals",,true
HPQ,HP Inc.,0000047217,Information Technology,"Technology Hardware, Storage & Peripherals",,true
HRL,Hormel Foods,0000048465,Consumer Staples,Packaged Foods & Meats,,true
HSIC,Henry Schein,0001000228,Health Care,Health Care Distributors,,true
HST,Host Hotels & Resorts,0001070750,Real Estate,Hotel & Resort REITs,,true
HSY,Hershey Company (The),0000047111,Consumer Staples,Packaged Foods & Meats,,true
HUBB,Hubbell Incorporated,0000048898,Industrials,Industrial Machinery & Supplies & Components,,true
HUM,Humana,0000049071,Health Care,Managed Health Care,,true
HWM,Howmet Aerospace,0000004281,Industrials,Aerospace & Defense,,true
IBKR,Interactive Brokers,0001381197,Financials,Investment Banking & Brokerage,,true
IBM,IBM,0000051143,Information Technology,IT Consulting & Other Services,,true
ICE,Intercontinental Exchange,0001571949,Financials,Financial Exchanges & Data,,true
IDXX,Idexx Laboratories,0000874716,Health Care,Health Care Equipment,,true
IEX,IDEX Corporation,0000832101,Industrials,Industrial Machinery & Supplies & Components,,true
IFF,International Flavors & Fragrances,0000051253,Materials,Specialty Chemicals,,true
INCY,Incyte,0000879169,Health Care,Biotechnology,,true
INTC,Intel,0000050863,Information Technology,Semiconductors,,true
INTU,Intuit,0000896878,Information Technology,Application Software,,true
INVH,Invitation Homes,0001687229,Real Estate,Single-Family Residential REITs,,true
IP,International Paper,0000051434,Materials,Paper & Plastic Packaging Products & Materials,,true
IQV,IQVIA,0001478242,Health Care,Life Sciences Tools & Services,,true
IR,Ingersoll Rand,0001699150,Industrials,Industrial Machinery & Supplies & Components,,true
IRM,Iron Mountain,0001020569,Real Estate,Other Specialized REITs,,true
ISRG,Intuitive Surgical,0001035267,Health Care,Health Care Equipment,,true
IT,Gartner,0000749251,Information Technology,IT Consulting & Other Services,,true
ITW,Illinois Tool Works,0000049826,Industrials,Industrial Machinery & Supplies & Components,,true
IVZ,Invesco,0000914208,Financials,Asset Management & Custody Banks,,true
J,Jacobs Solutions,0000052988,Industrials,Construction & Engineering,,true
JBHT,J.B. Hunt,0000728535,Industrials,Cargo Ground Transportation,,true
JBL,Jabil,0000898293,Information Technology,Electronic Manufacturing Services,,true
JCI,Johnson Controls,0000833444,Industrials,Building Products,,true
JKHY,Jack Henry & Associates,0000779152,Financials,Transaction & Payment Processing Services,,true
JNJ,Johnson & Johnson,0000200406,Health Care,Pharmaceuticals,,true
JPM,JPMorgan Chase,0000019617,Financials,Diversified Banks,,true
KDP,Keurig Dr Pepper,0001418135,Consumer Staples,Soft Drinks & Non-alcoholic Beverages,,true
KEY,KeyCorp,0000091576,Financials,Regional Banks,,true
KEYS,Keysight Technologies,0001601046,Information Technology,Electronic Equipment & Instruments,,true
KHC,Kraft Heinz,0001637459,Consumer Staples,Packaged Foods & Meats,,true
KIM,Kimco Realty,0000879101,Real Estate,Retail REITs,,true
KKR,KKR & Co.,0001404912,Financials,Asset Management & Custody Banks,,true
KLAC,KLA Corporation,0000319201,Information Technology,Semiconductor Materials & Equipment,,true
KMB,Kimberly-Clark,0000055785,Consumer Staples,Household Products,,true
KMI,Kinder Morgan,0001506307,Energy,Oil & Gas Storage & Transportation,,true
KO,Coca-Cola Company (The),0000021344,Consumer Staples,Soft Drinks & Non-alcoholic Beverages,,true
KR,Kroger,0000056873,Consumer Staples,Food Retail,,true
KVUE,Kenvue,0001944048,Consumer Staples,Personal Care Products,,true
L,Loews Corporation,0000060086,Financials,Multi-line Insurance,,true
LDOS,Leidos,0001336920,Industrials,Diversified Support Services,,true
LEN,Lennar,0000920760,Consumer Discretionary,Homebuilding,,true
LH,Labcorp,0000920148,Health Care,Health Care Services,,true
LHX,L3Harris,0000202058,Industrials,Aerospace & Defense,,true
LII,Lennox International,0001069202,Industrials,Building Products,,true
LIN,Linde plc,0001707925,Materials,Industrial Gases,,true
LITE,Lumentum,0001633978,Information Technology,Communications Equipment,,true
LLY,Lilly (Eli),0000059478,Health Care,Pharmaceuticals,,true
LMT,Lockheed Martin,0000936468,Industrials,Aerospace & Defense,,true
LNT,Alliant Energy,0000352541,Utilities,Electric Utilities,,true
LOW,Lowe's,0000060667,Consumer Discretionary,Home Improvement Retail,,true
LRCX,Lam Research,0000707549,Information Technology,Semiconductor Materials & Equipment,,true
LULU,Lululemon Athletica,0001397187,Consumer Discretionary,"Apparel, Accessories & Luxury Goods",,true
LUV,Southwest Airlines,0000092380,Industrials,Passenger Airlines,,true
LVS,Las Vegas Sands,0001300514,Consumer Discretionary,Casinos & Gaming,,true
LYB,LyondellBasell,0001489393,Materials,Specialty Chemicals,,true
LYV,Live Nation Entertainment,0001335258,Communication Services,Movies & Entertainment,,true
MA,Mastercard,0001141391,Financials,Transaction & Payment Processing Services,,true
MAA,Mid-America Apartment Communities,0000912595,Real Estate,Multi-Family Residential REITs,,true
MAR,Marriott International,0001048286,Consumer Discretionary,"Hotels, Resorts & Cruise Lines",,true
MAS,Masco,0000062996,Industrials,Building Products,,true
MCD,McDonald's,0000063908,Consumer Discretionary,Restaurants,,true
MCHP,Microchip Technology,0000827054,Information Technology,Semiconductors,,true
MCK,McKesson Corporation,0000927653,Health Care,Health Care Distributors,,true
MCO,Moody's Corporation,0001059556,Financials,Financial Exchanges & Data,,true
MDLZ,Mondelez International,0001103982,Consumer Staples,Packaged Foods & Meats,,true
MDT,Medtronic,0001613103,Health Care,Health Care Equipment,,true
MET,MetLife,0001099219,Financials,Life & Health Insurance,,true
META,Meta Platforms,0001326801,Communication Services,Interactive Media & Services,,true
MGM,MGM Resorts,0000789570,Consumer Discretionary,Casinos & Gaming,,true
MKC,McCormick & Company,0000063754,Consumer Staples,Packaged Foods & Meats,,true
MLM,Martin Marietta Materials,0000916076,Materials,Construction Materials,,true
MMM,3M,0000066740,Industrials,Industrial Conglomerates,,true
MNST,Monster Beverage,0000865752,Consumer Staples,Soft Drinks & Non-alcoholic Beverages,,true
MO,Altria,0000764180,Consumer Staples,Tobacco,,true
MOS,Mosaic Company (The),0001285785,Materials,Fertilizers & Agricultural Chemicals,,true
MPC,Marathon Petroleum,0001510295,Energy,Oil & Gas Refining & Marketing,,true
MPWR,Monolithic Power Systems,0001280452,Information Technology,Semiconductors,,true
MRK,Merck & Co.,0000310158,Health Care,Pharmaceuticals,,true
MRNA,Moderna,0001682852,Health Care,Biotechnology,,true
MRSH,Marsh McLennan,0000062709,Financials,Insurance Brokers,,true
MRVL,Marvell Technology,0001835632,Information Technology,Semiconductors,,true
MS,Morgan Stanley,0000895421,Financials,Investment Banking & Brokerage,,true
MSCI,MSCI,0001408198,Financials,Financial Exchanges & Data,,true
MSFT,Microsoft,0000789019,Information Technology,Systems Software,,true
MSI,Motorola Solutions,0000068505,Information Technology,Communications Equipment,,true
MTB,M&T Bank,0000036270,Financials,Regional Banks,,true
MTD,Mettler Toledo,0001037646,Health Care,Life Sciences Tools & Services,,true
MU,Micron Technology,0000723125,Information Technology,Semiconductors,,true
NCLH,Norwegian Cruise Line Holdings,0001513761,Consumer Discretionary,"Hotels, Resorts & Cruise Lines",,true
NDAQ,"Nasdaq, Inc.",0001120193,Financials,Financial Exchanges & Data,,true
NDSN,Nordson Corporation,0000072331,Industrials,Industrial Machinery & Supplies & Components,,true
NEE,NextEra Energy,0000753308,Utilities,Multi-Utilities,,true
NEM,Newmont,0001164727,Materials,Gold,,true
NFLX,Netflix,0001065280,Communication Services,Movies & Entertainment,,true
NI,NiSource,0001111711,Utilities,Multi-Utilities,,true
NKE,"Nike, Inc.",0000320187,Consumer Discretionary,"Apparel, Accessories & Luxury Goods",,true
NOC,Northrop Grumman,0001133421,Industrials,Aerospace & Defense,,true
NOW,ServiceNow,0001373715,Information Technology,Systems Software,,true
NRG,NRG Energy,0001013871,Utilities,Independent Power Producers & Energy Traders,,true
NSC,Norfolk Southern,0000702165,Industrials,Rail Transportation,,true
NTAP,NetApp,0001002047,Information Technology,"Technology Hardware, Storage & Peripherals",,true
NTRS,Northern Trust,0000073124,Financials,Asset Management & Custody Banks,,true
NUE,Nucor,0000073309,Materials,Steel,,true
NVDA,Nvidia,0001045810,Information Technology,Semiconductors,,true
NVR,"NVR, Inc.",0000906163,Consumer Discretionary,Homebuilding,,true
NWS,News Corp (Class B),0001564708,Communication Services,Publishing,,true
NWSA,News Corp (Class A),0001564708,Communication Services,Publishing,,true
NXPI,NXP Semiconductors,0001413447,Information Technology,Semiconductors,,true
O,Realty Income,0000726728,Real Estate,Retail REITs,,true
ODFL,Old Dominion,0000878927,Industrials,Cargo Ground Transportation,,true
OKE,Oneok,0001039684,Energy,Oil & Gas Storage & Transportation,,true
OMC,Omnicom Group,0000029989,Communication Services,Advertising,,true
ON,ON Semiconductor,0001097864,Information Technology,Semiconductors,,true
ORCL,Oracle Corporation,0001341439,Information Technology,Application Software,,true
ORLY,O'Reilly Automotive,0000898173,Consumer Discretionary,Automotive Retail,,true
OTIS,Otis Worldwide,0001781335,Industrials,Industrial Machinery & Supplies & Components,,true
OXY,Occidental Petroleum,0000797468,Energy,Oil & Gas Exploration & Production,,true
PANW,Palo Alto Networks,0001327567,Information Technology,Systems Software,,true
PAYX,Paychex,0000723531,Industrials,Human Resource & Employment Services,,true
PCAR,Paccar,0000075362,Industrials,Construction Machinery & Heavy Transportation Equipment,,true
PCG,PG&E Corporation,0001004980,Utilities,Multi-Utilities,,true
PEG,Public Service Enterprise Group,0000788784,Utilities,Electric Utilities,,true
PEP,PepsiCo,0000077476,Consumer Staples,Soft Drinks & Non-alcoholic Beverages,,true
PFE,Pfizer,0000078003,Health Care,Pharmaceuticals,,true
PFG,Principal Financial Group,0001126328,Financials,Life & Health Insurance,,true
PG,Procter & Gamble,0000080424,Consumer Staples,Personal Care Products,,true
PGR,Progressive Corporation,0000080661,Financials,Property & Casualty Insurance,,true
PH,Parker Hannifin,0000076334,Industrials,Industrial Machinery & Supplies & Components,,true
PHM,PulteGroup,0000822416,Consumer Discretionary,Homebuilding,,true
PKG,Packaging Corporation of America,0000075677,Materials,Paper & Plastic Packaging Products & Materials,,true
PLD,Prologis,0001045609,Real Estate,Industrial REITs,,true
PLTR,Palantir Technologies,0001321655,Information Technology,Application Software,,true
PM,Philip Morris International,0001413329,Consumer Staples,Tobacco,,true
PNC,PNC Financial Services,0000713676,Financials,Diversified Banks,,true
PNR,Pentair,0000077360,Industrials,Industrial Machinery & Supplies & Components,,true
PNW,Pinnacle West Capital,0000764622,Utilities,Multi-Utilities,,true
PODD,Insulet Corporation,0001145197,Health Care,Health Care Equipment,,true
PPG,PPG Industries,0000079879,Materials,Specialty Chemicals,,true
PPL,PPL Corporation,0000922224,Utilities,Electric Utilities,,true
PRU,Prudential Financial,0001137774,Financials,Life & Health Insurance,,true
PSA,Public Storage,0001393311,Real Estate,Self-Storage REITs,,true
PSKY,Paramount Skydance Corporation,0002041610,Communication Services,Movies & Entertainment,,true
PSX,Phillips 66,0001534701,Energy,Oil & Gas Refining & Marketing,,true
PTC,PTC Inc.,0000857005,Information Technology,Application Software,,true
PWR,Quanta Services,0001050915,Industrials,Construction & Engineering,,true
PYPL,PayPal,0001633917,Financials,Transaction & Payment Processing Services,,true
Q,Qnity Electronics,0002058873,Information Technology,Semiconductor Materials & Equipment,,true
QCOM,Qualcomm,0000804328,Information Technology,Semiconductors,,true
RCL,Royal Caribbean Group,0000884887,Consumer Discretionary,"Hotels, Resorts & Cruise Lines",,true
RDDT,Reddit,0001713445,Communication Services,Interactive Media & Services,,true
REG,Regency Centers,0000910606,Real Estate,Retail REITs,,true
REGN,Regeneron Pharmaceuticals,0000872589,Health Care,Biotechnology,,true
RF,Regions Financial Corporation,0001281761,Financials,Regional Banks,,true
RJF,Raymond James Financial,0000720005,Financials,Investment Banking & Brokerage,,true
RL,Ralph Lauren Corporation,0001037038,Consumer Discretionary,"Apparel, Accessories & Luxury Goods",,true
RMD,ResMed|,0000943819,Health Care,Health Care Equipment,,true
ROK,Rockwell Automation,0001024478,Industrials,Electrical Components & Equipment,,true
ROL,"Rollins, Inc.",0000084839,Industrials,Environmental & Facilities Services,,true
ROP,Roper Technologies,0000882835,Information Technology,Electronic Equipment & Instruments,,true
ROST,Ross Stores,0000745732,Consumer Discretionary,Apparel Retail,,true
RSG,Republic Services,0001060391,Industrials,Environmental & Facilities Services,,true
RTX,RTX Corporation,0000101829,Industrials,Aerospace & Defense,,true
RVTY,Revvity,0000031791,Health Care,Health Care Equipment,,true
SBAC,SBA Communications,0001034054,Real Estate,Telecom Tower REITs,,true
SBUX,Starbucks,0000829224,Consumer Discretionary,Restaurants,,true
SCHW,Charles Schwab Corporation,0000316709,Financials,Investment Banking & Brokerage,,true
SHW,Sherwin-Williams,0000089800,Materials,Specialty Chemicals,,true
SJM,J.M. Smucker Company (The),0000091419,Consumer Staples,Packaged Foods & Meats,,true
SLB,Schlumberger,0000087347,Energy,Oil & Gas Equipment & Services,,true
SMCI,Supermicro,0001375365,Information Technology,"Technology Hardware, Storage & Peripherals",,true
SNA,Snap-on,0000091440,Industrials,Industrial Machinery & Supplies & Components,,true
SNDK,Sandisk,0002023554,Information Technology,"Technology Hardware, Storage & Peripherals",,true
SNPS,Synopsys,0000883241,Information Technology,Application Software,,true
SO,Southern Company,0000092122,Utilities,Electric Utilities,,true
SOLV,Solventum,0001964738,Health Care,Health Care Technology,,true
SPG,Simon Property Group,0001063761,Real Estate,Retail REITs,,true
SPGI,S&P Global,0000064040,Financials,Financial Exchanges & Data,,true
SRE,Sempra,0001032208,Utilities,Multi-Utilities,,true
STE,Steris,0001757898,Health Care,Health Care Equipment,,true
STLD,Steel Dynamics,0001022671,Materials,Steel,,true
STT,State Street Corporation,0000093751,Financials,Asset Management & Custody Banks,,true
STX,Seagate Technology,0001137789,Information Technology,"Technology Hardware, Storage & Peripherals",,true
STZ,Constellation Brands,0000016918,Consumer Staples,Distillers & Vintners,,true
SW,Smurfit Westrock,0002005951,Materials,Paper & Plastic Packaging Products & Materials,,true
SWK,Stanley Black & Decker,0000093556,Industrials,Industrial Machinery & Supplies & Components,,true
SWKS,Skyworks Solutions,0000004127,Information Technology,Semiconductors,,true
SYF,Synchrony Financial,0001601712,Financials,Consumer Finance,,true
SYK,Stryker Corporation,0000310764,Health Care,Health Care Equipment,,true
SYY,Sysco,0000096021,Consumer Staples,Food Distributors,,true
T,AT&T,0000732717,Communication Services,Integrated Telecommunication Services,,true
TAP,Molson Coors Beverage Company,0000024545,Consumer Staples,Brewers,,true
TDG,TransDigm Group,0001260221,Industrials,Aerospace & Defense,,true
TDY,Teledyne Technologies,0001094285,Information Technology,Electronic Equipment & Instruments,,true
TECH,Bio-Techne,0000842023,Health Care,Life Sciences Tools & Services,,true
TEL,TE Connectivity,0001385157,Information Technology,Electronic Manufacturing Services,,true
TER,Teradyne,0000097210,Information Technology,Semiconductor Materials & Equipment,,true
TFC,Truist Financial,0000092230,Financials,Diversified Banks,,true
TGT,Target Corporation,0000027419,Consumer Staples,Consumer Staples Merchandise Retail,,true
TJX,TJX Companies,0000109198,Consumer Discretionary,Apparel Retail,,true
TKO,TKO Group Holdings,0001973266,Communication Services,Movies & Entertainment,,true
TMO,Thermo Fisher Scientific,0000097745,Health Care,Life Sciences Tools & Services,,true
TMUS,T-Mobile US,0001283699,Communication Services,Wireless Telecommunication Services,,true
TPL,Texas Pacific Land Corporation,0001811074,Energy,Oil & Gas Exploration & Production,,true
TPR,"Tapestry, Inc.",0001116132,Consumer Discretionary,"Apparel, Accessories & Luxury Goods",,true
TRGP,Targa Resources,0001389170,Energy,Oil & Gas Storage & Transportation,,true
TRMB,Trimble Inc.,0000864749,Information Technology,Application Software,,true
TROW,T. Rowe Price,0001113169,Financials,Asset Management & Custody Banks,,true
TRV,Travelers Companies (The),0000086312,Financials,Property & Casualty Insurance,,true
TSCO,Tractor Supply,0000916365,Consumer Discretionary,Other Specialty Retail,,true
TSLA,"Tesla, Inc.",0001318605,Consumer Discretionary,Automobile Manufacturers,,true
TSN,Tyson Foods,0000100493,Consumer Staples,Packaged Foods & Meats,,true
TT,Trane Technologies,0001466258,Industrials,Building Products,,true
TTD,Trade Desk (The),0001671933,Communication Services,Advertising,,true
TTWO,Take-Two Interactive,0000946581,Communication Services,Interactive Home Entertainment,,true
TXN,Texas Instruments,0000097476,Information Technology,Semiconductors,,true
TXT,Textron,0000217346,Industrials,Aerospace & Defense,,true
TYL,Tyler Technologies,0000860731,Information Technology,Application Software,,true
UAL,United Airlines Holdings,0000100517,Industrials,Passenger Airlines,,true
UBER,Uber,0001543151,Industrials,Passenger Ground Transportation,,true
UDR,"UDR, Inc.",0000074208,Real Estate,Multi-Family Residential REITs,,true
UHS,Universal Health Services,0000352915,Health Care,Health Care Facilities,,true
ULTA,Ulta Beauty,0001403568,Consumer Discretionary,Other Specialty Retail,,true
UNH,UnitedHealth Group,0000731766,Health Care,Managed Health Care,,true
UNP,Union Pacific Corporation,0000100885,Industrials,Rail Transportation,,true
UPS,United Parcel Service,0001090727,Industrials,Air Freight & Logistics,,true
URI,United Rentals,0001067701,Industrials,Trading Companies & Distributors,,true
USB,U.S. Bancorp,0000036104,Financials,Diversified Banks,,true
V,Visa Inc.,0001403161,Financials,Transaction & Payment Processing Services,,true
VEEV,Veeva Systems,0001393052,Health Care,Health Care Technology,,true
VICI,Vici Properties,0001705696,Real Estate,Hotel & Resort REITs,,true
VLO,Valero Energy,0001035002,Energy,Oil & Gas Refining & Marketing,,true
VLTO,Veralto,0001967680,Industrials,Environmental & Facilities Services,,true
VMC,Vulcan Materials Company,0001396009,Materials,Construction Materials,,true
VMRK,Vivmark Residential,0000906107,Real Estate,Multi-Family Residential REITs,,true
VRSK,Verisk Analytics,0001442145,Industrials,Research & Consulting Services,,true
VRSN,Verisign,0001014473,Information Technology,Internet Services & Infrastructure,,true
VRT,Vertiv,0001674101,Industrials,Electrical Components & Equipment,,true
VRTX,Vertex Pharmaceuticals,0000875320,Health Care,Biotechnology,,true
VST,Vistra Corp.,0001692819,Utilities,Electric Utilities,,true
VTR,Ventas,0000740260,Real Estate,Health Care REITs,,true
VTRS,Viatris,0001792044,Health Care,Pharmaceuticals,,true
VZ,Verizon,0000732712,Communication Services,Integrated Telecommunication Services,,true
WAB,Wabtec,0000943452,Industrials,Construction Machinery & Heavy Transportation Equipment,,true
WAT,Waters Corporation,0001000697,Health Care,Life Sciences Tools & Services,,true
WBD,Warner Bros. Discovery,0001437107,Communication Services,Broadcasting,,true
WDAY,"Workday, Inc.",0001327811,Information Technology,Application Software,,true
WDC,Western Digital,0000106040,Information Technology,"Technology Hardware, Storage & Peripherals",,true
WEC,WEC Energy Group,0000783325,Utilities,Electric Utilities,,true
WELL,Welltower,0000766704,Real Estate,Health Care REITs,,true
WFC,Wells Fargo,0000072971,Financials,Diversified Banks,,true
WM,Waste Management,0000823768,Industrials,Environmental & Facilities Services,,true
WMB,Williams Companies,0000107263,Energy,Oil & Gas Storage & Transportation,,true
WMT,Walmart,0000104169,Consumer Staples,Consumer Staples Merchandise Retail,,true
WRB,W. R. Berkley Corporation,0000011544,Financials,Property & Casualty Insurance,,true
WSM,"Williams-Sonoma, Inc.",0000719955,Consumer Discretionary,Homefurnishing Retail,,true
WST,West Pharmaceutical Services,0000105770,Health Care,Health Care Supplies,,true
WTW,Willis Towers Watson,0001140536,Financials,Insurance Brokers,,true
WY,Weyerhaeuser,0000106535,Real Estate,Timber REITs,,true
WYNN,Wynn Resorts,0001174922,Consumer Discretionary,Casinos & Gaming,,true
XEL,Xcel Energy,0000072903,Utilities,Multi-Utilities,,true
XOM,ExxonMobil,0002115436,Energy,Integrated Oil & Gas,,true
XYL,Xylem Inc.,0001524472,Industrials,Industrial Machinery & Supplies & Components,,true
XYZ,"Block, Inc.",0001512673,Financials,Transaction & Payment Processing Services,,true
YUM,Yum! Brands,0001041061,Consumer Discretionary,Restaurants,,true
ZBH,Zimmer Biomet,0001136869,Health Care,Health Care Equipment,,true
ZBRA,Zebra Technologies,0000877212,Information Technology,Electronic Equipment & Instruments,,true
ZTS,Zoetis,0001555280,Health Care,Pharmaceuticals,,true
